{"2507cfc0-0a82-4636-b87c-5230c5ffb284": {"translations": {"primary": "je", "secondary": "I", "target": "ngai¹ 我"}, "themes": [], "audio": "", "image": "", "level": 0, "in_expression": [], "part_of_speech": "n", "gloss_code": [], "variants": {}}, "d246e842-aa5f-407a-98a8-aa9d3c8d12f4": {"translations": {"primary": "je", "secondary": "I", "target": "ngai¹ 我"}, "themes": ["e083d9ed-8a2a-40af-be98-636dd684fef3"], "audio": "", "image": "", "level": 0, "in_expression": [], "part_of_speech": "n", "gloss_code": [], "variants": {}}, "ed86415f-b926-41c7-ac9a-3216cf030399": {"translations": {"primary": "tu", "secondary": "you", "target": "ngi¹ 你"}, "themes": ["e083d9ed-8a2a-40af-be98-636dd684fef3"], "audio": "", "image": "", "level": 0, "in_expression": [], "part_of_speech": "n", "gloss_code": [], "variants": {}}, "e750377a-52ac-4425-a573-1ecdbb061338": {"translations": {"primary": "il/elle", "secondary": "he/she", "target": "gi¹ 佢"}, "themes": [], "audio": "", "image": "", "level": 0, "in_expression": [], "part_of_speech": "n", "gloss_code": [], "variants": {}}, "d9d3c2ef-1d10-49ac-8ade-565e1b0a229d": {"translations": {"primary": "promotion", "secondary": "promotion", "target": "mai³pien⁴yi² 买便宜"}, "themes": [], "audio": "", "image": "", "level": 0, "in_expression": [], "part_of_speech": "n", "gloss_code": [], "variants": {}}, "e008d153-47a4-4368-8fcf-05ab98406a5c": {"translations": {"primary": "réduction, remise", "secondary": "discount, rebate", "target": "gam³ga⁴ 减价"}, "themes": [], "audio": "", "image": "", "level": 0, "in_expression": [], "part_of_speech": "n", "gloss_code": [], "variants": {}}, "8246dac1-e0b8-4bc4-ad2a-498acad29346": {"translations": {"primary": "rembourser", "secondary": "repay", "target": "fui²zon³qian² 回转钱"}, "themes": [], "audio": "", "image": "", "level": 0, "in_expression": [], "part_of_speech": "n", "gloss_code": [], "variants": {}}, "05d6f48e-5736-470a-956b-706d4fb57daa": {"translations": {"primary": "rendre la monnaie", "secondary": "give change", "target": "giam³zon³qian² 捡转钱"}, "themes": [], "audio": "", "image": "", "level": 0, "in_expression": [], "part_of_speech": "n", "gloss_code": [], "variants": {}}, "d2b9dc0c-1d1a-49bf-b17c-de4a9f1b45ed": {"translations": {"primary": "un business", "secondary": "a business", "target": "sen¹li¹ 生理"}, "themes": [], "audio": "", "image": "", "level": 0, "in_expression": [], "part_of_speech": "n", "gloss_code": [], "variants": {}}, "dff5be99-6452-45fe-ac56-c4b234a221a8": {"translations": {"primary": "boulier", "secondary": "abacus", "target": "son⁴pan² 算盘"}, "themes": [], "audio": "", "image": "", "level": 0, "in_expression": [], "part_of_speech": "n", "gloss_code": [], "variants": {}}, "e59dfd44-43e5-4648-9bf6-bed88ddb1b7c": {"translations": {"primary": "transporter", "secondary": "carry", "target": "zong¹ 装"}, "themes": [], "audio": "", "image": "", "level": 0, "in_expression": [], "part_of_speech": "n", "gloss_code": [], "variants": {}}, "f4ee4a93-baea-48ae-8d00-135fc10fe0db": {"translations": {"primary": "aimer", "secondary": "to like", "target": "oi⁴ 爱"}, "themes": [], "audio": "", "image": "", "level": 0, "in_expression": [], "part_of_speech": "n", "gloss_code": [], "variants": {}}, "70d3323b-0344-435e-88c7-929618896ea6": {"translations": {"primary": "aimer", "secondary": "to like", "target": "zung¹yi⁴ 中意"}, "themes": [], "audio": "", "image": "", "level": 0, "in_expression": [], "part_of_speech": "n", "gloss_code": [], "variants": {}}, "ad15b760-d430-44d5-8e73-a2ec4ca3bbdb": {"translations": {"primary": "aller", "secondary": "go", "target": "hi⁴ 去"}, "themes": [], "audio": "", "image": "", "level": 0, "in_expression": [], "part_of_speech": "n", "gloss_code": [], "variants": {}}, "d7f73f67-b7b9-44ed-8a2e-c81cb1613bc4": {"translations": {"primary": "attendre", "secondary": "to wait for", "target": "ten³ 等"}, "themes": ["e083d9ed-8a2a-40af-be98-636dd684fef3"], "audio": "", "image": "", "level": 0, "in_expression": [], "part_of_speech": "n", "gloss_code": [], "variants": {}}, "ac4a48fd-9b17-4bbe-b006-822823e677c8": {"translations": {"primary": "attraper", "secondary": "catch", "target": "zuk⁵ 捉"}, "themes": [], "audio": "", "image": "", "level": 0, "in_expression": [], "part_of_speech": "n", "gloss_code": [], "variants": {}}, "09c4f382-6e4f-4ff4-a62e-d52ddc358c08": {"translations": {"primary": "bâiller", "secondary": "yawn", "target": "mak⁶zoi³ 擗嘴"}, "themes": [], "audio": "", "image": "", "level": 0, "in_expression": [], "part_of_speech": "n", "gloss_code": [], "variants": {}}, "c4e51d9b-7494-4e5b-adfe-c957c497c024": {"translations": {"primary": "boire", "secondary": "drink", "target": "yim³ 饮"}, "themes": [], "audio": "", "image": "", "level": 0, "in_expression": [], "part_of_speech": "n", "gloss_code": [], "variants": {}}}